Tipo,Cantidad,Porcentaje
Obra Mayor,200,28.901734104046245
Obra Menor,193,27.89017341040462
Micro Obra,157,22.6878612716763
Obra Media,142,20.520231213872833
